stage	samples	minimum_ms	median_ms	p95_ms	memory_bytes	allocations
background	30	0.311359	0.337817	0.3848353	477368	10886
prepare_components	30	0.098246	0.10262450000000001	0.11913990000000002	211592	666
setup	10	13.765039	22.397529499999997	22.9312889	105637656	66943
prepare_pmm	30	12.775592	22.5120255	42.1245517	56225184	2284
compute_w	30	94.048295	95.90659600000001	98.78672085	25256776	1900
compute_w_reusable	30	52.719125	56.373808	60.893013999999994	27328	337
project_all	30	14.416656	18.3615805	19.44827585	18289368	8610
full_cached	30	125.48222	133.674594	144.8668472	99771328	12794
full_from_cosmology	10	137.788423	151.53637650000002	175.73220345	206372936	91306
